Item,Equipement,Reference,Couleur,Prix
1xT13,Plaque frontale T13,1T13BL,blanc,0
1xT13,Plaque frontale T13,1T13OL,olive,0
1xT13,Plaque frontale T13,1T13SI,silver,0
1xT13,Plaque frontale T13,1T13CR,crema,0
1xT13,Plaque frontale T13,1T13GF,gris fonce,0
1xT13,Plaque frontale T13,1T13VA,vanille,0
1xT13,Plaque frontale T13,1T13SA,sand,0
1xT13,Plaque frontale T13,1T13NO,noir,0
1xT13,Plaque frontale T13,1T13LE,lemon,0
1xT13,Plaque frontale T13,1T13OR,orange,0
1xT13,Plaque frontale T13,1T13BE,berry,0
1xT13,Plaque frontale T13,1T13GR,gris clair,0
2xT13,Plaque frontale 2xT13,2T13BL,blanc,0
2xT13,Plaque frontale 2xT13,2T13OL,olive,0
2xT13,Plaque frontale 2xT13,2T13SI,silver,0
2xT13,Plaque frontale 2xT13,2T13CR,crema,0
2xT13,Plaque frontale 2xT13,2T13GF,gris fonce,0
2xT13,Plaque frontale 2xT13,2T13VA,vanille,0
2xT13,Plaque frontale 2xT13,2T13SA,sand,0
2xT13,Plaque frontale 2xT13,2T13NO,noir,0
2xT13,Plaque frontale 2xT13,2T13LE,lemon,0
2xT13,Plaque frontale 2xT13,2T13OR,orange,0
2xT13,Plaque frontale 2xT13,2T13BE,berry,0
2xT13,Plaque frontale 2xT13,2T13GR,gris clair,0
3xT13,Plaque frontale 3xT13,3T13BL,blanc,0
3xT13,Plaque frontale 3xT13,3T13OL,olive,0
3xT13,Plaque frontale 3xT13,3T13SI,silver,0
3xT13,Plaque frontale 3xT13,3T13CR,crema,0
3xT13,Plaque frontale 3xT13,3T13GF,gris fonce,0
3xT13,Plaque frontale 3xT13,3T13VA,vanille,0
3xT13,Plaque frontale 3xT13,3T13SA,sand,0
3xT13,Plaque frontale 3xT13,3T13NO,noir,0
3xT13,Plaque frontale 3xT13,3T13LE,lemon,0
3xT13,Plaque frontale 3xT13,3T13OR,orange,0
3xT13,Plaque frontale 3xT13,3T13BE,berry,0
3xT13,Plaque frontale 3xT13,3T13GR,gris clair,0
2xT13 commande,Plaque frontale 2xT13 commande,2T13CBL,blanc,0
2xT13 commande,Plaque frontale 2xT13 commande,2T13COL,olive,0
2xT13 commande,Plaque frontale 2xT13 commande,2T13CSI,silver,0
2xT13 commande,Plaque frontale 2xT13 commande,2T13CCR,crema,0
2xT13 commande,Plaque frontale 2xT13 commande,2T13CGF,gris fonce,0
2xT13 commande,Plaque frontale 2xT13 commande,2T13CVA,vanille,0
2xT13 commande,Plaque frontale 2xT13 commande,2T13CSA,sand,0
2xT13 commande,Plaque frontale 2xT13 commande,2T13CNO,noir,0
2xT13 commande,Plaque frontale 2xT13 commande,2T13CLE,lemon,0
2xT13 commande,Plaque frontale 2xT13 commande,2T13COR,orange,0
2xT13 commande,Plaque frontale 2xT13 commande,2T13CBE,berry,0
2xT13 commande,Plaque frontale 2xT13 commande,2T13CGR,gris clair,0
3xT13 commande,Plaque frontale 3xT13 commande,3T13CBL,blanc,0
3xT13 commande,Plaque frontale 3xT13 commande,3T13COL,olive,0
3xT13 commande,Plaque frontale 3xT13 commande,3T13CSI,silver,0
3xT13 commande,Plaque frontale 3xT13 commande,3T13CCR,crema,0
3xT13 commande,Plaque frontale 3xT13 commande,3T13CGF,gris fonce,0
3xT13 commande,Plaque frontale 3xT13 commande,3T13CVA,vanille,0
3xT13 commande,Plaque frontale 3xT13 commande,3T13CSA,sand,0
3xT13 commande,Plaque frontale 3xT13 commande,3T13CNO,noir,0
3xT13 commande,Plaque frontale 3xT13 commande,3T13CLE,lemon,0
3xT13 commande,Plaque frontale 3xT13 commande,3T13COR,orange,0
3xT13 commande,Plaque frontale 3xT13 commande,3T13CBE,berry,0
3xT13 commande,Plaque frontale 3xT13 commande,3T13CGR,gris clair,0
1xT23,Plaque frontale 1xT23,1T23BL,blanc,0
1xT23,Plaque frontale 1xT23,1T23OL,olive,0
1xT23,Plaque frontale 1xT23,1T23SI,silver,0
1xT23,Plaque frontale 1xT23,1T23CR,crema,0
1xT23,Plaque frontale 1xT23,1T23GF,gris fonce,0
1xT23,Plaque frontale 1xT23,1T23VA,vanille,0
1xT23,Plaque frontale 1xT23,1T23SA,sand,0
1xT23,Plaque frontale 1xT23,1T23NO,noir,0
1xT23,Plaque frontale 1xT23,1T23LE,lemon,0
1xT23,Plaque frontale 1xT23,1T23OR,orange,0
1xT23,Plaque frontale 1xT23,1T23BE,berry,0
1xT23,Plaque frontale 1xT23,1T23GR,gris clair,0
2xT23,Plaque frontale 2xT23,2T23BL, blanc,0
2xT23,Plaque frontale 2xT23,2T23OL,olive,0
2xT23,Plaque frontale 2xT23,2T23SI,silver,0
2xT23,Plaque frontale 2xT23,2T23CR,crema,0
2xT23,Plaque frontale 2xT23,2T23GF,gris fonce,0
2xT23,Plaque frontale 2xT23,2T23VA,vanille,0
2xT23,Plaque frontale 2xT23,2T23SA,sand,0
2xT23,Plaque frontale 2xT23,2T23NO,noir,0
2xT23,Plaque frontale 2xT23,2T23LE,lemon,0
2xT23,Plaque frontale 2xT23,2T23OR,orange,0
2xT23,Plaque frontale 2xT23,2T23BE,berry,0
2xT23,Plaque frontale 2xT23,2T23GR,gris clair,0
3xT23,Plaque frontale 3xT23,3T23BL, blanc,0
3xT23,Plaque frontale 3xT23,3T23OL,olive,0
3xT23,Plaque frontale 3xT23,3T23SI,silver,0
3xT23,Plaque frontale 3xT23,3T23CR,crema,0
3xT23,Plaque frontale 3xT23,3T23GF,gris fonce,0
3xT23,Plaque frontale 3xT23,3T23VA,vanille,0
3xT23,Plaque frontale 3xT23,3T23SA,sand,0
3xT23,Plaque frontale 3xT23,3T23NO,noir,0
3xT23,Plaque frontale 3xT23,3T23LE,lemon,0
3xT23,Plaque frontale 3xT23,3T23OR,orange,0
3xT23,Plaque frontale 3xT23,3T23BE,berry,0
3xT23,Plaque frontale 3xT23,3T23GR,gris clair,0
3xT23 commande,Plaque frontale 3xT23 commande,3T23CBL,blanc,0
3xT23 commande,Plaque frontale 3xT23 commande,3T23COL,olive,0
3xT23 commande,Plaque frontale 3xT23 commande,3T23CSI,silver,0
3xT23 commande,Plaque frontale 3xT23 commande,3T23CCR,crema,0
3xT23 commande,Plaque frontale 3xT23 commande,3T23CGF,gris fonce,0
3xT23 commande,Plaque frontale 3xT23 commande,3T23CVA,vanille,0
3xT23 commande,Plaque frontale 3xT23 commande,3T23CSA,sand,0
3xT23 commande,Plaque frontale 3xT23 commande,3T23CNO,noir,0
3xT23 commande,Plaque frontale 3xT23 commande,3T23CLE,lemon,0
3xT23 commande,Plaque frontale 3xT23 commande,3T23COR,orange,0
3xT23 commande,Plaque frontale 3xT23 commande,3T23CBE,berry,0
3xT23 commande,Plaque frontale 3xT23 commande,3T23CGR,gris clair,0
1xT25,Plaque frontale 1xT25,1T25BL,blanc,0
1xT25,Plaque frontale 1xT25,1T25OL,olive,0
1xT25,Plaque frontale 1xT25,1T25SI,silver,0
1xT25,Plaque frontale 1xT25,1T25CR,crema,0
1xT25,Plaque frontale 1xT25,1T25GF,gris fonce,0
1xT25,Plaque frontale 1xT25,1T25VA,vanille,0
1xT25,Plaque frontale 1xT25,1T25SA,sand,0
1xT25,Plaque frontale 1xT25,1T25NO,noir,0
1xT25,Plaque frontale 1xT25,1T25LE,lemon,0
1xT25,Plaque frontale 1xT25,1T25OR,orange,0
1xT25,Plaque frontale 1xT25,1T25BE,berry,0
1xT25,Plaque frontale 1xT25,1T25GR,gris clair,0
USB A+C/T13,USB A+C/T13 Combinaison 3.0A,USBACT13BL,blanc,0
USB A+C/T13,USB A+C/T13 Combinaison 3.0A,USBACT13OL,olive,0
USB A+C/T13,USB A+C/T13 Combinaison 3.0A,USBACT13SI,silver,0
USB A+C/T13,USB A+C/T13 Combinaison 3.0A,USBACT13CR,crema,0
USB A+C/T13,USB A+C/T13 Combinaison 3.0A,USBACT13GF,gris fonce,0
USB A+C/T13,USB A+C/T13 Combinaison 3.0A,USBACT13VA,vanille,0
USB A+C/T13,USB A+C/T13 Combinaison 3.0A,USBACT13SA,sand,0
USB A+C/T13,USB A+C/T13 Combinaison 3.0A,USBACT13NO,noir,0
USB A+C/T13,USB A+C/T13 Combinaison 3.0A,USBACT13LE,lemon,0
USB A+C/T13,USB A+C/T13 Combinaison 3.0A,USBACT13BE,berry,0
USB A+C/T13,USB A+C/T13 Combinaison 3.0A,USBACT13GR,gris clair,0
USB C+C/T13,USB C+C/T13 Combinaison 3.0A,USBCCT13BL,blanc,0
USB C+C/T13,USB C+C/T13 Combinaison 3.0A,USBCCT13OL,olive,0
USB C+C/T13,USB C+C/T13 Combinaison 3.0A,USBCCT13SI,silver,0
USB C+C/T13,USB C+C/T13 Combinaison 3.0A,USBCCT13CR,crema,0
USB C+C/T13,USB C+C/T13 Combinaison 3.0A,USBCCT13GF,gris fonce,0
USB C+C/T13,USB C+C/T13 Combinaison 3.0A,USBCCT13VA,vanille,0
USB C+C/T13,USB C+C/T13 Combinaison 3.0A,USBCCT13SA,sand,0
USB C+C/T13,USB C+C/T13 Combinaison 3.0A,USBCCT13NO,noir,0
USB C+C/T13,USB C+C/T13 Combinaison 3.0A,USBCCT13LE,lemon,0
USB C+C/T13,USB C+C/T13 Combinaison 3.0A,USBCCT13BE,berry,0
USB C+C/T13,USB C+C/T13 Combinaison 3.0A,USBCCT13GR,gris clair,0
Prise de charge USB,Prise de charge USB 1xA et 1xC,PC1A1C,,0
Prise de charge USB,Prise de charge USB 2xC,PC2C,,0
Thermostat,Thermostat d'ambiance programmable avec ecremaan,T01500,,0